secrets_name_lab-history	Приказната за Луј Брај
secrets_name_lab-explorer	Истражи ја шесточката
secrets_name_lab-transform	Точките оживуваат
secrets_name_lab-converter	Брајов конвертор
secrets_name_topic-letters	Букви
secrets_name_topic-numbers	Броеви
secrets_name_topic-signs	Знаци
secrets_name_letters-0	Група 1, горните четири точки
secrets_name_letters-1	Трик за паметење, поврзани парови
secrets_name_letters-2	Група 2, додади точка 3
secrets_name_letters-3	Група 3, додади точка 6
secrets_name_letters-4	Уште букви со додавање точка 6
secrets_name_letters-5	Други букви и исклучоци
secrets_name_numbers-0	Броевите ги повторуваат првите десет шеми
secrets_name_signs-0	1. Семејството на запирката
secrets_name_signs-1	2. Од две точки до извичник и точка
secrets_name_signs-2	3. Апостроф и цртичка
secrets_name_signs-3	4. Посебни знаци и повеќе клетки
secrets_name_standalone-number_sign	Знак за број
secrets_intro_letters-0	Првите десет основни шеми историски го следат редоследот A, B, C, D, E, F, G, H, I, J од латинската (англиската) азбука. Се користат само точките 1, 2, 4 и 5. Во македонскиот јазик ги покажуваме буквите што ги имаат истите шеми, па затоа редоследот не е македонски азбучен ред. Почнуваме со А (точка 1). Со додавање на точка 2 добиваме Б. Потоа точката 2 се отстранува и се додава точка 4 за следната шема. Понатаму точките се додаваат или отстрануваат по редот подолу. Ова е начин за паметење на утврдениот редослед, а не правило дека секоја буква мора да се создаде од претходната.
secrets_intro_letters-1	Четири лесни парови: A до B со додавање точка 2; C до D, F до G и I до J со додавање точка 5. Исто така, D до E и G до H се добиваат со отстранување точка 4. Ова е помош за помнење, не историски алгоритам.
secrets_intro_letters-2	Секоја од десетте основни шеми добива точка 3. Во англиската азбука така се добиваат K до T. Кај нас се користат буквите со истите точки; на пример, англиската Q нема посебна буква во македонската азбука. Затоа ќе ги прикажеме само постојните соодветни букви.
secrets_intro_letters-3	Во англискиот Брај, U, V, X, Y и Z се добиваат од K, L, M, N и O со додавање на точка 6. W е историски исклучок и има посебна шема (2,4,5,6). Македонските букви не го следат истиот азбучен ред, па ги покажуваме реалните врски што постојат во нашите податоци.
secrets_intro_letters-5	Кај македонските букви, Ѓ и Ќ ги издвојуваме како посебни шеми. Другите специфични букви можат да се поврзат со веќе научени букви преку додавање точка 6 или преку споредување на шемите.
secrets_intro_numbers-0	Не мора да паметиш десет нови комбинации. Цифрите 1 до 9 и 0 ги имаат истите точки како латиничните A до I и J. Разликата е што ПРЕД цифрата се пишува посебна клетка за знак за број: точки 3, 4, 5 и 6. За повеќецифрен број, како 12, знакот за број се пишува еднаш, а потоа следуваат клетките за 1 и 2. Во оваа апликација бројниот режим трае до празно место.
secrets_intro_signs-0	Почнуваме со запирката: таа користи само точка 2. Ако додадеме точка 3, добиваме точка-запирка. Ако додадеме точка 5, добиваме две точки. Во македонскиот и албанскиот код на апликацијата, додавањето точка 6 дава прашалник. Во англискиот прашалникот користи точки 2, 3 и 6, па се додаваат две точки: 3 и 6.
secrets_intro_signs-1	Двете точки користат точки 2 и 5. Со додавање точка 3 добиваме извичник (2, 3, 5), а со додавање точка 6 добиваме точка (2, 5, 6). Така, две нови комбинации се паметат преку една позната основа. Запомни ги двете патеки: запирка до две точки до извичник и запирка до две точки до точка.
secrets_intro_signs-2	Апострофот има само точка 3. Ако додадеме точка 6, добиваме цртичка со точки 3 и 6.
secrets_intro_signs-3	Знакот за голема буква се пишува пред буквата. Во македонскиот и албанскиот код на апликацијата користи точки 4 и 6, а во англискиот само точка 6. Знакот за број користи точки 3, 4, 5 и 6 и се пишува пред цифрите. Некои знаци се составени од две последователни Брајови клетки. Тие се читаат заедно како еден знак. Во оваа апликација англиските наводници се двоклеточни, а македонските и албанските се едноклеточни. Овие семејства се олеснителен механизам за паметење, а не историски редослед на создавање на знаците. Важно: комбинациите за мајмунчето и косата црта во македонскиот и албанскиот дел се преземени од англискиот Брај и бараат стручна проверка.
secrets_intro_history	Луј Брај е роден во 1809 година во Кувре, Франција. Во 1821 година се запознал со системот „ноќно писмо“ на Шарл Барбие. Подоцна го развил поедноставениот шестоточков систем; неговото прво објавено дело за методот е од 1829 година.
secrets_intro_explorer	Притисни која било точка за да ја вклучиш или исклучиш. Ова е демонстрација, не тест.
secrets_intro_transformation	Следи ја низата A до J и забележи кои точки се додаваат или бришат.
secrets_intro_converter	Напиши краток збор. Подолу ќе се појават Брајовите клетки за избраниот јазик.
secrets_intro_letters-4	Дополнителните букви се поврзуваат со позната шема со додавање точка 6.
