food_sweets_explanation	Ëmbëlsirat dhe sheqeri. Karamele, ëmbëlsira dhe pije me sheqer. Ëmbëlsirat shpesh përmbajnë shumë sheqer të shtuar. Konsumoji më rrallë dhe në sasi më të vogla.
food_sweets_desc	Karamele, ëmbëlsira dhe pije me sheqer.
food_dairy_explanation	Produktet e qumështit. Qumësht, kos dhe djathë. Produktet e qumështit mund të sigurojnë kalcium dhe proteina. Zgjidh lloje të ndryshme sipas nevojave.
food_dairy_desc	Qumësht, kos dhe djathë.
food_meat_explanation	Mishi dhe vezët. Mish pule, mish dhe vezë. Mishi dhe vezët janë burime proteinash dhe lëndësh të tjera ushqyese. Gatuaji mirë.
food_meat_desc	Mish pule, mish dhe vezë.
food_fish_explanation	Peshku. Peshk dhe ushqime deti. Peshku është burim proteinash; disa lloje përmbajnë acide yndyrore omega tre.
food_fish_desc	Peshk dhe ushqime deti.
food_fruit_explanation	Frutat. Mollë, banane, portokaj dhe fruta të tjera. Frutat përmbajnë fibra, vitamina dhe ujë. Laji para se t'i hash.
food_fruit_desc	Mollë, banane, portokaj dhe fruta të tjera.
food_vegetables_explanation	Perimet. Karota, brokoli, domate dhe perime të tjera. Ha perime me ngjyra të ndryshme. Ato sigurojnë fibra, vitamina dhe minerale.
food_vegetables_desc	Karota, brokoli, domate dhe perime të tjera.
food_grains_explanation	Drithërat. Bukë, tërshërë, oriz dhe makarona. Drithërat na japin energji. Zgjidh produkte integrale kur është e mundur.
food_grains_desc	Bukë, tërshërë, oriz dhe makarona.
food_legumes_explanation	Bishtajoret. Fasule, thjerrëza dhe qiqra. Bishtajoret përmbajnë proteina bimore dhe fibra. Gatuaji mirë para se t'i hash.
food_legumes_desc	Fasule, thjerrëza dhe qiqra.
food_nuts_explanation	Arrat dhe farat. Arra, bajame dhe fara. Arrat dhe farat përmbajnë yndyrna të dobishme. Kujdes nga alergjitë dhe rreziku i mbytjes te fëmijët e vegjël.
food_nuts_desc	Arra, bajame dhe fara.
food_water_explanation	Uji. Ujë për të pirë. Pi ujë rregullisht gjatë ditës. Nevojat ndryshojnë sipas moshës, aktivitetit dhe motit.
food_water_desc	Ujë për të pirë.
food_sweets_name	Ëmbëlsirat dhe sheqeri
food_dairy_name	Produktet e qumështit
food_meat_name	Mishi dhe vezët
food_fish_name	Peshku
food_fruit_name	Frutat
food_vegetables_name	Perimet
food_grains_name	Drithërat
food_legumes_name	Bishtajoret
food_nuts_name	Arrat dhe farat
food_water_name	Uji
