food_sweets_explanation	Слатки и шеќери. Слатки, колачи и засладени пијалаци. Слатките содржат многу додаден шеќер. Јади ги поретко и во помали количини.
food_sweets_desc	Слатки, колачи и засладени пијалаци.
food_dairy_explanation	Млечни производи. Млеко, јогурт и сирење. Млечните производи можат да обезбедат калциум и протеини. Избирај разновидни производи според потребите.
food_dairy_desc	Млеко, јогурт и сирење.
food_meat_explanation	Месо и јајца. Пилешко, месо и јајца. Месото и јајцата се извори на протеини и други хранливи материи. Важно е добро да се термички обработени.
food_meat_desc	Пилешко, месо и јајца.
food_fish_explanation	Риба. Риба и морска храна. Рибата е извор на протеини, а некои видови содржат омега три масни киселини.
food_fish_desc	Риба и морска храна.
food_fruit_explanation	Овошје. Јаболка, банани, портокали и друго овошје. Овошјето содржи влакна, витамини и вода. Миј го пред јадење.
food_fruit_desc	Јаболка, банани, портокали и друго овошје.
food_vegetables_explanation	Зеленчук. Морков, брокула, домат и друг зеленчук. Јади зеленчук во различни бои. Тој обезбедува влакна, витамини и минерали.
food_vegetables_desc	Морков, брокула, домат и друг зеленчук.
food_grains_explanation	Житарки. Леб, овес, ориз и тестенини. Житарките ни даваат енергија. Кога можеш, избирај интегрални производи.
food_grains_desc	Леб, овес, ориз и тестенини.
food_legumes_explanation	Мешунки. Грав, леќа и наут. Мешунките содржат растителни протеини и влакна. Добро свари ги пред јадење.
food_legumes_desc	Грав, леќа и наут.
food_nuts_explanation	Јаткасти плодови и семиња. Ореви, бадеми и семки. Јаткастите плодови и семињата содржат здрави масти. Внимавај на алергии и ризик од задавување кај мали деца.
food_nuts_desc	Ореви, бадеми и семки.
food_water_explanation	Вода. Вода за пиење. Пиј вода редовно во текот на денот. Потребите зависат од возраста, активноста и времето.
food_water_desc	Вода за пиење.
food_sweets_name	Слатки и шеќери
food_dairy_name	Млечни производи
food_meat_name	Месо и јајца
food_fish_name	Риба
food_fruit_name	Овошје
food_vegetables_name	Зеленчук
food_grains_name	Житарки
food_legumes_name	Мешунки
food_nuts_name	Јаткасти плодови и семиња
food_water_name	Вода
