food_sweets_explanation	Sweets and sugar. Candy, cakes, and sugary drinks. Sweets often contain a lot of added sugar. Have them less often and in smaller portions.
food_sweets_desc	Candy, cakes, and sugary drinks.
food_dairy_explanation	Dairy foods. Milk, yogurt, and cheese. Dairy foods can provide calcium and protein. Choose a variety that suits your needs.
food_dairy_desc	Milk, yogurt, and cheese.
food_meat_explanation	Meat and eggs. Chicken, meat, and eggs. Meat and eggs provide protein and other nutrients. Cook them thoroughly.
food_meat_desc	Chicken, meat, and eggs.
food_fish_explanation	Fish. Fish and seafood. Fish provides protein, and some types contain omega-three fatty acids.
food_fish_desc	Fish and seafood.
food_fruit_explanation	Fruit. Apples, bananas, oranges, and other fruits. Fruit provides fiber, vitamins, and water. Wash it before eating.
food_fruit_desc	Apples, bananas, oranges, and other fruits.
food_vegetables_explanation	Vegetables. Carrots, broccoli, tomatoes, and other vegetables. Eat vegetables of different colors. They provide fiber, vitamins, and minerals.
food_vegetables_desc	Carrots, broccoli, tomatoes, and other vegetables.
food_grains_explanation	Grains. Bread, oats, rice, and pasta. Grains give us energy. Choose whole-grain options when possible.
food_grains_desc	Bread, oats, rice, and pasta.
food_legumes_explanation	Legumes. Beans, lentils, and chickpeas. Legumes contain plant protein and fiber. Cook them thoroughly before eating.
food_legumes_desc	Beans, lentils, and chickpeas.
food_nuts_explanation	Nuts and seeds. Walnuts, almonds, and seeds. Nuts and seeds provide beneficial fats. Be aware of allergies and choking hazards for young children.
food_nuts_desc	Walnuts, almonds, and seeds.
food_water_explanation	Water. Drinking water. Drink water regularly throughout the day. Needs vary with age, activity, and weather.
food_water_desc	Drinking water.
food_sweets_name	Sweets and sugar
food_dairy_name	Dairy foods
food_meat_name	Meat and eggs
food_fish_name	Fish
food_fruit_name	Fruit
food_vegetables_name	Vegetables
food_grains_name	Grains
food_legumes_name	Legumes
food_nuts_name	Nuts and seeds
food_water_name	Water
