msg_ready	Kamera është gati
msg_analyzing	Duke analizuar...
msg_uncertain	Nuk jam i sigurt, provo përsëri
msg_error	Ndodhi një gabim, provo përsëri
msg_error_permission	Leja për kamerë u refuzua. Lejo qasjen në cilësime.
msg_error_no_camera	Nuk u gjet asnjë kamerë në këtë pajisje.
msg_error_camera_unavailable	Kamera nuk është e disponueshme për momentin.
msg_error_not_ready	Kamera ende nuk është gati, prit një moment.
msg_error_timeout	Koha për njohjen mbaroi, provo përsëri.
msg_error_unsupported_platform	Kjo veçori funksionon vetëm në telefon, jo në shfletues.
msg_error_web	Njohja me kamerë funksionon vetëm në aplikacionin e telefonit (Android ose iPhone), jo në shfletues.
mode_object	Objekte
mode_color	Ngjyra
mode_clothing	Veshje
tpl_found	Gjeta:
tpl_color_is	Ngjyra është
color_red	E kuqe
color_orange	Portokalli
color_yellow	E verdhë
color_light_green	E gjelbër e çelët
color_green	E gjelbër
color_dark_green	E gjelbër e errët
color_turquoise	Bruz
color_light_blue	Blu e çelët
color_blue	Blu
color_dark_blue	Blu e errët
color_purple	Vjollcë
color_pink	Rozë
color_brown	Kafe
color_beige	Bezhë
color_gray	Gri
color_black	E zezë
color_white	E bardhë
obj_apple	Mollë
obj_banana	Banane
obj_orange_fruit	Portokall
obj_grape	Rrush
obj_lemon	Limon
obj_bread	Bukë
obj_cup	Filxhan
obj_glass	Gotë
obj_bottle	Shishe
obj_book	Libër
obj_chair	Karrige
obj_table	Tavolinë
obj_ball	Top
obj_phone	Telefon
obj_laptop	Laptop
obj_clock	Orë muri
obj_watch	Orë dore
obj_key	Çelës
obj_scissors	Gërshërë
obj_pen	Stilolaps
obj_pencil	Laps
obj_backpack	Çantë shpine
obj_bag	Çantë
obj_flower	Lule
obj_plant	Bimë
obj_tree	Pemë
obj_dog	Qen
obj_cat	Mace
obj_bird	Zog
obj_toy	Lodër
obj_plate	Pjatë
obj_spoon	Lugë
obj_fork	Pirun
obj_knife	Thikë
obj_shoe	Këpucë
obj_umbrella	Ombrellë
obj_teddy	Lodër pelushi
obj_horse	Kalë
obj_duck	Rosë
obj_bear	Ari
obj_butterfly	Flutur
obj_insect	Insekt
obj_turtle	Breshkë
obj_crocodile	Krokodil
obj_penguin	Pinguin
obj_cow	Lopë
obj_bull	Dem
obj_seal	Fokë
obj_dinosaur	Dinozaur
obj_fish	Peshk
obj_mouse	Miush
obj_food	Ushqim
obj_fruit	Fruta
obj_vegetable	Perime
obj_cake	Tortë
obj_cookie	Biskotë
obj_pizza	Pica
obj_hot_dog	Hot dog
obj_burger	Hamburger
obj_juice	Lëng frutash
obj_coffee	Kafe
obj_soda	Pije e gazuar
obj_ice_cream	Akullore
obj_pie	Pite
obj_sushi	Sushi
obj_sofa	Divan
obj_bench	Bankë
obj_desk	Tavolinë pune
obj_shelf	Raft
obj_drawer	Sirtar
obj_cupboard	Dollap
obj_curtain	Perde
obj_pillow	Jastëk
obj_bed	Shtrat
obj_lamp	Llambë
obj_sink	Lavaman
obj_tv	Televizor
obj_computer	Kompjuter
obj_dishes	Enë
obj_cutlery	Takëm
obj_pot	Tenxhere
obj_flowerpot	Vazo lulesh
obj_tablecloth	Mbulesë tavoline
obj_board	Dërrasë
obj_paper	Letër
obj_newspaper	Gazetë
obj_poster	Poster
obj_comic	Libër me komikë
obj_piano	Piano
obj_instrument	Instrument muzikor
obj_balloon	Tullumbace
obj_flag	Flamur
obj_handbag	Çantë dore
obj_glasses	Syze
obj_sunglasses	Syze dielli
obj_helmet	Helmetë
obj_ring	Unazë
obj_necklace	Varëse
obj_bracelet	Byzylyk
obj_money	Para
obj_lego	Kube Lego
obj_skateboard	Skejtbord
obj_bicycle	Biçikletë
obj_car	Makinë
obj_bus	Autobus
obj_train	Tren
obj_airplane	Aeroplan
obj_helicopter	Helikopter
obj_boat	Varkë
obj_motorcycle	Motoçikletë
obj_tractor	Traktor
obj_van	Furgon
obj_rocket	Raketë
obj_wheel	Rrotë
obj_tire	Gomë
obj_swing	Kolovajzë
obj_playground	Kënd lojërash
obj_pool	Pishinë
obj_branch	Degë
obj_rock	Gur
obj_sand	Rërë
obj_star	Yll
obj_moon	Hënë
obj_sky	Qiell
obj_rainbow	Ylber
obj_fire	Zjarr
obj_ice	Akull
obj_mountain	Mal
obj_beach	Plazh
obj_river	Lumë
obj_lake	Liqen
obj_waterfall	Ujëvarë
obj_forest	Pyll
obj_garden	Kopsht
obj_park	Park
obj_road	Rrugë
obj_bridge	Urë
obj_building	Ndërtesë
obj_castle	Kështjellë
obj_church	Kishë
obj_mosque	Xhami
obj_room	Dhomë
obj_bedroom	Dhomë gjumi
obj_kitchen	Kuzhinë
obj_bathroom	Banjë
obj_stairs	Shkallë
obj_wall	Mur
obj_roof	Çati
obj_statue	Statujë
obj_christmas	Krishtlindje
obj_hand	Dorë
obj_foot	Shputë
obj_ear	Vesh
obj_mouth	Gojë
obj_hair	Flokë
obj_baby	Foshnjë
obj_person	Njeri
cloth_shirt	Bluzë ose këmishë
cloth_pants	Pantallona
cloth_jeans	Xhinse
cloth_shorts	Pantallona të shkurtra
cloth_skirt	Fund
cloth_dress	Fustan
cloth_jacket	Xhaketë
cloth_coat	Pallto
cloth_sweater	Triko
cloth_hoodie	Bluzë me kapuç
cloth_hat	Kapelë
cloth_sock	Çorape
cloth_shoe	Këpucë
cloth_sneakers	Atlete
cloth_boot	Çizme
cloth_sandal	Sandale
cloth_scarf	Shall
cloth_glove	Dorezë
cloth_blazer	Xhaketë kostumi
cloth_tights	Geta najloni
cloth_leggings	Tajta
cloth_tie	Kravatë
cloth_jersey	Fanellë sportive
cloth_swimsuit	Rroba banje
cloth_suit	Kostum
cloth_vest	Jelek
cloth_pajamas	Pizhame
cloth_glasses	Syze
cloth_sunglasses	Syze dielli
cloth_helmet	Helmetë
cloth_bag	Çantë
cloth_jewellery	Stoli
cloth_belt	Rrip
cloth_uniform	Uniformë
mode_search	Kërko
msg_search_prompt	Çfarë po kërkon? Shkruaje ose thuaje.
msg_search_unknown	Nuk e njoh këtë send. Provo një fjalë tjetër.
msg_search_target	Po kërkoj:
msg_searching	Po kërkoj… rrotullo telefonin ngadalë përreth.
msg_search_found	U gjet!
msg_search_not_found	Nuk e gjeta. Provo përsëri.
msg_search_stopped	Kërkimi u ndërpre.
