culture_japan_name	Japan
culture_japan_explanation	Japan has a rich culture. Examples include cherry blossoms, tea ceremonies, and calligraphy. Culture is diverse and changes over time.
culture_japan_desc	A country whose capital is Tokyo.
culture_egypt_name	Egypt
culture_egypt_explanation	Egypt has a rich culture. Examples include pyramids, hieroglyphs, and ancient temples. Culture is diverse and changes over time.
culture_egypt_desc	A country whose capital is Cairo.
culture_italy_name	Italy
culture_italy_explanation	Italy has a rich culture. Examples include Roman architecture, opera, and regional cuisine. Culture is diverse and changes over time.
culture_italy_desc	A country whose capital is Rome.
culture_mexico_name	Mexico
culture_mexico_explanation	Mexico has a rich culture. Examples include colorful folk art, music, and traditional celebrations. Culture is diverse and changes over time.
culture_mexico_desc	A country whose capital is Mexico City.
culture_france_name	France
culture_france_explanation	France has a rich culture. Examples include art museums, architecture, and baking traditions. Culture is diverse and changes over time.
culture_france_desc	A country whose capital is Paris.
culture_greece_name	Greece
culture_greece_explanation	Greece has a rich culture. Examples include ancient temples, myths, and traditional dances. Culture is diverse and changes over time.
culture_greece_desc	A country whose capital is Athens.
culture_china_name	China
culture_china_explanation	China has a rich culture. Examples include calligraphy, lanterns, and festive traditions. Culture is diverse and changes over time.
culture_china_desc	A country whose capital is Beijing.
culture_india_name	India
culture_india_explanation	India has a rich culture. Examples include diverse dances, festivals, and architecture. Culture is diverse and changes over time.
culture_india_desc	A country whose capital is New Delhi.
culture_kenya_name	Kenya
culture_kenya_explanation	Kenya has a rich culture. Examples include diverse communities, music, and crafts. Culture is diverse and changes over time.
culture_kenya_desc	A country whose capital is Nairobi.
culture_turkey_name	Türkiye
culture_turkey_explanation	Türkiye has a rich culture. Examples include traditional ceramics, music, and tea. Culture is diverse and changes over time.
culture_turkey_desc	A country whose capital is Ankara.
culture_japan_landmark_1	Fushimi Inari Shrine
culture_japan_landmark_2	Mount Fuji
culture_japan_landmark_3	Himeji Castle
culture_egypt_landmark_1	Pyramids of Giza
culture_egypt_landmark_2	Great Sphinx
culture_egypt_landmark_3	Karnak Temple
culture_italy_landmark_1	Colosseum
culture_italy_landmark_2	Leaning Tower of Pisa
culture_italy_landmark_3	Venice Canals
culture_mexico_landmark_1	Chichén Itzá
culture_mexico_landmark_2	Teotihuacán
culture_mexico_landmark_3	Palace of Fine Arts
culture_france_landmark_1	Eiffel Tower
culture_france_landmark_2	Louvre Museum
culture_france_landmark_3	Mont Saint-Michel
culture_greece_landmark_1	Acropolis
culture_greece_landmark_2	Meteora
culture_greece_landmark_3	Palace of Knossos
culture_china_landmark_1	Great Wall of China
culture_china_landmark_2	Forbidden City
culture_china_landmark_3	Terracotta Army
culture_india_landmark_1	Taj Mahal
culture_india_landmark_2	Red Fort
culture_india_landmark_3	Hawa Mahal
culture_kenya_landmark_1	Fort Jesus in Mombasa
culture_kenya_landmark_2	Nairobi National Museum
culture_kenya_landmark_3	Gedi Ruins
culture_turkey_landmark_1	Hagia Sophia
culture_turkey_landmark_2	Cappadocia
culture_turkey_landmark_3	Ephesus
