culture_japan_name	Јапонија
culture_japan_explanation	Јапонија има богата култура. Препознатливи културни примери се сакура, традиционални церемонии со чај и калиграфија. Културата е разновидна и се менува со текот на времето.
culture_japan_desc	Држава чиј главен град е Токио.
culture_egypt_name	Египет
culture_egypt_explanation	Египет има богата култура. Препознатливи културни примери се пирамиди, хиероглифи и древни храмови. Културата е разновидна и се менува со текот на времето.
culture_egypt_desc	Држава чиј главен град е Каиро.
culture_italy_name	Италија
culture_italy_explanation	Италија има богата култура. Препознатливи културни примери се римски градби, опера и традиционална кујна. Културата е разновидна и се менува со текот на времето.
culture_italy_desc	Држава чиј главен град е Рим.
culture_mexico_name	Мексико
culture_mexico_explanation	Мексико има богата култура. Препознатливи културни примери се шарени народни уметности, музика и традиционални празници. Културата е разновидна и се менува со текот на времето.
culture_mexico_desc	Држава чиј главен град е Мексико Сити.
culture_france_name	Франција
culture_france_explanation	Франција има богата култура. Препознатливи културни примери се уметнички музеи, архитектура и пекарски традиции. Културата е разновидна и се менува со текот на времето.
culture_france_desc	Држава чиј главен град е Париз.
culture_greece_name	Грција
culture_greece_explanation	Грција има богата култура. Препознатливи културни примери се антички храмови, митови и традиционални танци. Културата е разновидна и се менува со текот на времето.
culture_greece_desc	Држава чиј главен град е Атина.
culture_china_name	Кина
culture_china_explanation	Кина има богата култура. Препознатливи културни примери се калиграфија, традиционални фенери и празнични обичаи. Културата е разновидна и се менува со текот на времето.
culture_china_desc	Држава чиј главен град е Пекинг.
culture_india_name	Индија
culture_india_explanation	Индија има богата култура. Препознатливи културни примери се разновидни танци, фестивали и архитектура. Културата е разновидна и се менува со текот на времето.
culture_india_desc	Држава чиј главен град е Њу Делхи.
culture_kenya_name	Кенија
culture_kenya_explanation	Кенија има богата култура. Препознатливи културни примери се разновидни заедници, музика и рачни изработки. Културата е разновидна и се менува со текот на времето.
culture_kenya_desc	Држава чиј главен град е Најроби.
culture_turkey_name	Турција
culture_turkey_explanation	Турција има богата култура. Препознатливи културни примери се традиционална керамика, музика и чај. Културата е разновидна и се менува со текот на времето.
culture_turkey_desc	Држава чиј главен град е Анкара.
culture_japan_landmark_1	Фушими Инари
culture_japan_landmark_2	Планината Фуџи
culture_japan_landmark_3	Замокот Химеџи
culture_egypt_landmark_1	Пирамидите во Гиза
culture_egypt_landmark_2	Големата сфинга
culture_egypt_landmark_3	Храмот Карнак
culture_italy_landmark_1	Колосеумот
culture_italy_landmark_2	Кривата кула во Пиза
culture_italy_landmark_3	Каналите во Венеција
culture_mexico_landmark_1	Чичен Ица
culture_mexico_landmark_2	Теотихуакан
culture_mexico_landmark_3	Палатата на убавите уметности
culture_france_landmark_1	Ајфеловата кула
culture_france_landmark_2	Музејот Лувр
culture_france_landmark_3	Мон Сен Мишел
culture_greece_landmark_1	Акропол
culture_greece_landmark_2	Метеора
culture_greece_landmark_3	Палатата Кносос
culture_china_landmark_1	Кинескиот ѕид
culture_china_landmark_2	Забранетиот град
culture_china_landmark_3	Теракотната армија
culture_india_landmark_1	Таџ Махал
culture_india_landmark_2	Црвената тврдина
culture_india_landmark_3	Џајпурската палата на ветровите
culture_kenya_landmark_1	Тврдината Исус во Момбаса
culture_kenya_landmark_2	Националниот музеј во Најроби
culture_kenya_landmark_3	Руините Геди
culture_turkey_landmark_1	Аја Софија
culture_turkey_landmark_2	Кападокија
culture_turkey_landmark_3	Ефес
