culture_japan_name	Japonia
culture_japan_explanation	Japonia ka një kulturë të pasur. Shembuj janë lulet e qershisë, ceremonitë e çajit dhe kaligrafia. Kultura është e larmishme dhe ndryshon me kalimin e kohës.
culture_japan_desc	Shtet me kryeqytet Tokio.
culture_egypt_name	Egjipti
culture_egypt_explanation	Egjipti ka një kulturë të pasur. Shembuj janë piramidat, hieroglifet dhe tempujt e lashtë. Kultura është e larmishme dhe ndryshon me kalimin e kohës.
culture_egypt_desc	Shtet me kryeqytet Kajro.
culture_italy_name	Italia
culture_italy_explanation	Italia ka një kulturë të pasur. Shembuj janë arkitektura romake, opera dhe kuzhina tradicionale. Kultura është e larmishme dhe ndryshon me kalimin e kohës.
culture_italy_desc	Shtet me kryeqytet Roma.
culture_mexico_name	Meksika
culture_mexico_explanation	Meksika ka një kulturë të pasur. Shembuj janë arti popullor shumëngjyrësh, muzika dhe festat tradicionale. Kultura është e larmishme dhe ndryshon me kalimin e kohës.
culture_mexico_desc	Shtet me kryeqytet Qyteti i Meksikos.
culture_france_name	Franca
culture_france_explanation	Franca ka një kulturë të pasur. Shembuj janë muzetë e artit, arkitektura dhe traditat e pastiçerisë. Kultura është e larmishme dhe ndryshon me kalimin e kohës.
culture_france_desc	Shtet me kryeqytet Parisi.
culture_greece_name	Greqia
culture_greece_explanation	Greqia ka një kulturë të pasur. Shembuj janë tempujt antikë, mitet dhe vallet tradicionale. Kultura është e larmishme dhe ndryshon me kalimin e kohës.
culture_greece_desc	Shtet me kryeqytet Athina.
culture_china_name	Kina
culture_china_explanation	Kina ka një kulturë të pasur. Shembuj janë kaligrafia, fenerët dhe zakonet festive. Kultura është e larmishme dhe ndryshon me kalimin e kohës.
culture_china_desc	Shtet me kryeqytet Pekini.
culture_india_name	India
culture_india_explanation	India ka një kulturë të pasur. Shembuj janë vallet, festivalet dhe arkitektura e larmishme. Kultura është e larmishme dhe ndryshon me kalimin e kohës.
culture_india_desc	Shtet me kryeqytet Nju Delhi.
culture_kenya_name	Kenia
culture_kenya_explanation	Kenia ka një kulturë të pasur. Shembuj janë komunitetet e larmishme, muzika dhe punimet artizanale. Kultura është e larmishme dhe ndryshon me kalimin e kohës.
culture_kenya_desc	Shtet me kryeqytet Nairobi.
culture_turkey_name	Turqia
culture_turkey_explanation	Turqia ka një kulturë të pasur. Shembuj janë qeramika tradicionale, muzika dhe çaji. Kultura është e larmishme dhe ndryshon me kalimin e kohës.
culture_turkey_desc	Shtet me kryeqytet Ankaraja.
culture_japan_landmark_1	Tempulli Fushimi Inari
culture_japan_landmark_2	Mali Fuji
culture_japan_landmark_3	Kështjella Himeji
culture_egypt_landmark_1	Piramidat e Gizës
culture_egypt_landmark_2	Sfinksi i Madh
culture_egypt_landmark_3	Tempulli Karnak
culture_italy_landmark_1	Koloseu
culture_italy_landmark_2	Kulla e Pizës
culture_italy_landmark_3	Kanalet e Venecias
culture_mexico_landmark_1	Çiçen Ica
culture_mexico_landmark_2	Teotihuakani
culture_mexico_landmark_3	Pallati i Arteve të Bukura
culture_france_landmark_1	Kulla Eifel
culture_france_landmark_2	Muzeu i Luvrit
culture_france_landmark_3	Mont Sen Mishel
culture_greece_landmark_1	Akropoli
culture_greece_landmark_2	Meteora
culture_greece_landmark_3	Pallati i Knososit
culture_china_landmark_1	Muri i Madh Kinez
culture_china_landmark_2	Qyteti i Ndaluar
culture_china_landmark_3	Ushtria prej terrakote
culture_india_landmark_1	Taxh Mahali
culture_india_landmark_2	Fortesa e Kuqe
culture_india_landmark_3	Hava Mahali
culture_kenya_landmark_1	Fortesa Jezus në Mombasa
culture_kenya_landmark_2	Muzeu Kombëtar i Nairobit
culture_kenya_landmark_3	Rrënojat e Gedit
culture_turkey_landmark_1	Aja Sofia
culture_turkey_landmark_2	Kapadokia
culture_turkey_landmark_3	Efesi
