horse_explanation	Kalë. Kafshë e madhe dhe e shpejtë që hingëllin. Kali ka këmbë të forta dhe thundra të forta. I pëlqen të hajë sanë, tërshërë dhe mollë.
horse_desc	Kafshë e madhe dhe e shpejtë që hingëllin.
horse_name	Kalë
sheep_explanation	Dele. Kafshë shtëpiake me lesh të butë që blegërin. Nga leshi i deles bëhen triko dhe çorape të ngrohta. Delet jetojnë së bashku në tufë.
sheep_desc	Kafshë shtëpiake me lesh të butë që blegërin.
sheep_name	Dele
pig_explanation	Derr. Kafshë shtëpiake rozë me feçkë që hungëron. Derri gërmon tokën me feçkë për të gjetur ushqim. Kur është vapë, rrotullohet në baltë që të freskohet.
pig_desc	Kafshë shtëpiake rozë me feçkë që hungëron.
pig_name	Derr
duck_explanation	Rosë. Zog që noton dhe bën kuak-kuak. Rosa ka cipë mes gishtave, prandaj noton shumë mirë. Pendët e saj nuk lagen në ujë.
duck_desc	Zog që noton dhe bën kuak-kuak.
duck_name	Rosë
frog_explanation	Bretkosë. Kafshë e vogël e gjelbër që kërcen dhe kuakon. Bretkosa jeton edhe në ujë, edhe në tokë. Ajo kap miza me gjuhën e saj të gjatë dhe ngjitëse.
frog_desc	Kafshë e vogël e gjelbër që kërcen dhe kuakon.
frog_name	Bretkosë
rooster_explanation	Gjel. Zog shtëpiak që në mëngjes këndon kikiriki. Gjeli këndon herët në mëngjes dhe i zgjon njerëzit. Jeton në kotec bashkë me pulat.
rooster_desc	Zog shtëpiak që në mëngjes këndon kikiriki.
rooster_name	Gjel
thunder_explanation	Bubullimë. Zhurmë e fortë në qiell gjatë stuhisë. Së pari shohim vetëtimën e pastaj dëgjojmë bubullimën, sepse drita udhëton më shpejt se zëri.
thunder_desc	Zhurmë e fortë në qiell gjatë stuhisë.
thunder_name	Bubullimë
snow_explanation	Borë. Flokë të bardha e të buta që bien në dimër. Bora është ujë i ngrirë. Çdo flok bore ka gjashtë cepa dhe është ndryshe nga të tjerët.
snow_desc	Flokë të bardha e të buta që bien në dimër.
snow_name	Borë
flower_explanation	Lule. Pjesë shumëngjyrëshe e bimës që mban erë të mirë. Bletët fluturojnë nga lulja në lule dhe mbledhin nektar për mjaltë. Më vonë nga lulet rriten frutat.
flower_desc	Pjesë shumëngjyrëshe e bimës që mban erë të mirë.
flower_name	Lule
sea_explanation	Det. Ujë i madh e i kripur me dallgë që zhurmojnë. Në det jetojnë peshq, gaforre dhe delfinë. Detet dhe oqeanet mbulojnë pjesën më të madhe të Tokës.
sea_desc	Ujë i madh e i kripur me dallgë që zhurmojnë.
sea_name	Det
sea_extra	Mbani mend: Notoni vetëm me një të rritur dhe vetëm aty ku ka shpëtimtar.
door_explanation	Derë. E hapim dhe e mbyllim kur hyjmë në shtëpi ose në dhomë. Dera mund të kërcasë kur hapet. Para se të hyni në dhomën e dikujt, trokitni së pari.
door_desc	E hapim dhe e mbyllim kur hyjmë në shtëpi ose në dhomë.
door_name	Derë
door_extra	Mbani mend: Mos ua hapni derën të panjohurve. Së pari thirrni një të rritur.
key_explanation	Çelës. Send i vogël metalik që hap derën e kyçur. Çdo çelës ka dhëmbë të veçantë dhe hap vetëm bravën e vet.
key_desc	Send i vogël metalik që hap derën e kyçur.
key_name	Çelës
key_extra	Mbani mend: Ruajeni çelësin e shtëpisë në një vend të sigurt dhe mos ua tregoni të panjohurve.
scissors_explanation	Gërshërë. Mjet me dy tehe të mprehta për të prerë letër. Gërshërët presin kur dy tehet rrëshqasin pranë njëri-tjetrit. Ka edhe gërshërë për fëmijë me maja të rrumbullakëta.
scissors_desc	Mjet me dy tehe të mprehta për të prerë letër.
scissors_name	Gërshërë
scissors_extra	Mbani mend: Mbajini gërshërët me majat poshtë dhe përdorini vetëm me një të rritur.
toothbrush_explanation	Furçë dhëmbësh. Me të dhe me pastë e pastrojmë gojën në mëngjes dhe në mbrëmje. Lani dhëmbët dy herë në ditë, në mëngjes dhe në mbrëmje, nga dy minuta. Kështu dhëmbët mbeten të shëndetshëm.
toothbrush_desc	Me të dhe me pastë e pastrojmë gojën në mëngjes dhe në mbrëmje.
toothbrush_name	Furçë dhëmbësh
glass_explanation	Gotë. Enë nga e cila pimë ujë ose qumësht. Gota mund të jetë prej xhami ose plastike. Gotën prej xhami mbajeni me kujdes që të mos thyhet.
glass_desc	Enë nga e cila pimë ujë ose qumësht.
glass_name	Gotë
earth_explanation	Toka. Planeti blu ku jetojmë. Toka rrotullohet rreth Diellit dhe e bën një rrotullim të plotë në një vit. Është i vetmi planet i njohur me jetë.
earth_desc	Planeti blu ku jetojmë.
earth_name	Toka
astronaut_explanation	Astronaut. Njeri që udhëton në hapësirë me një veshje të veçantë. Astronauti vesh një skafandër me ajër për të marrë frymë. Në hapësirë ai noton si pupël.
astronaut_desc	Njeri që udhëton në hapësirë me një veshje të veçantë.
astronaut_name	Astronaut
comet_explanation	Kometë. Trup qiellor i akullt me bisht të gjatë e të ndritshëm. Kometa përbëhet nga akulli, pluhuri dhe guri. Kur i afrohet Diellit, i del një bisht i ndritshëm.
comet_desc	Trup qiellor i akullt me bisht të gjatë e të ndritshëm.
comet_name	Kometë
satellite_explanation	Satelit. Pajisje që rrotullohet rreth Tokës dhe dërgon sinjale. Satelitët na ndihmojnë të shikojmë televizor, të mësojmë parashikimin e motit dhe të gjejmë rrugën.
satellite_desc	Pajisje që rrotullohet rreth Tokës dhe dërgon sinjale.
satellite_name	Satelit
ufo_explanation	UFO. Disk fluturues nga tregimet për alienët. Kjo shkurtesë do të thotë objekt fluturues i paidentifikuar. Në tregime dhe filma vizatimorë, me të udhëtojnë alienët.
ufo_desc	Disk fluturues nga tregimet për alienët.
ufo_name	UFO
telescope_explanation	Teleskop. Pajisje me të cilën shohim yje dhe planete të largëta. Teleskopi i bën gjërat e largëta të duken afër. Me të shkencëtarët e eksplorojnë hapësirën.
telescope_desc	Pajisje me të cilën shohim yje dhe planete të largëta.
telescope_name	Teleskop
piano_explanation	Piano. Instrument muzikor i madh me tastierë të bardhë dhe të zezë. Kur shtyp një tast, një çekiç i vogël godet një tel dhe krijon një tingull. Pianoja ka 88 tastë.
piano_desc	Instrument muzikor i madh me tastierë të bardhë dhe të zezë.
piano_name	Piano
violin_explanation	Violinë. Instrument i vogël prej druri me tela që luhet me hark. Violina mbahet nën mjekër. Kur harku rrëshqet mbi tela, ajo këndon butë.
violin_desc	Instrument i vogël prej druri me tela që luhet me hark.
violin_name	Violinë
trumpet_explanation	Trumbetë. Instrument metalik i shndritshëm në të cilin fryhet fort. Instrumentisti fryn dhe dridh buzët, ndërsa me tre butona i ndryshon tingujt.
trumpet_desc	Instrument metalik i shndritshëm në të cilin fryhet fort.
trumpet_name	Trumbetë
saxophone_explanation	Saksofon. Instrument i lakuar i artë në të cilin fryhet, i dashur në muzikën xhaz. Saksofonin e shpiku Adolf Saksi. Është prej metali, por tingullin e krijon një copë e vogël kallami.
saxophone_desc	Instrument i lakuar i artë në të cilin fryhet, i dashur në muzikën xhaz.
saxophone_name	Saksofon
accordion_explanation	Fizarmonikë. Instrument me tastierë dhe kacek që shtrydhet dhe zgjatet. Fizarmonika luan kur kaceku thith dhe nxjerr ajër. Shpesh luhet në dasma dhe festa popullore.
accordion_desc	Instrument me tastierë dhe kacek që shtrydhet dhe zgjatet.
accordion_name	Fizarmonikë
banjo_explanation	Banxho. Instrument me tela dhe trup të rrumbullakët si daulle e vogël. Banxhoja ka një tingull kumbues dhe të gëzuar. Më së shpeshti luhet në muzikën country amerikane.
banjo_desc	Instrument me tela dhe trup të rrumbullakët si daulle e vogël.
banjo_name	Banxho
microphone_explanation	Mikrofon. Pajisje në të cilën këndojmë ose flasim që të dëgjohemi më fort. Mikrofoni e kap zërin tonë dhe e dërgon te altoparlantët. Këngëtarët e përdorin në koncerte.
microphone_desc	Pajisje në të cilën këndojmë ose flasim që të dëgjohemi më fort.
microphone_name	Mikrofon
