cat_explanation	Mace. Një kafshë me qime që thotë mjau. Maca ka katër këmbë dhe sheh mirë në errësirë. Kap minj.
dog_explanation	Qen. Një kafshë miqësore që leh. Qeni është miku besnik i njeriut. Ka ndjesi të mprehtë të erës.
bird_explanation	Zog. Kafshë e vogël që fluturon dhe këndon. Zogu fluturon me krahë dhe këndon këngë të bukura.
cow_explanation	Lopë. Kafshë shtëpiake që jep qumësht. Lopa jep qumësht dhe ha bar në livadhe.
rain_explanation	Shi. Ujë që bie nga qielli. Shiu u jep ujë bimëve. Vishni rroba për shi kur është me re.
sun_explanation	Diell. Dritë e ndritshme në qiell. Dielli na jep dritë dhe ngrohtësi. Mos shikoni drejtpërdrejt diellin.
tree_explanation	Pemë. Një bimë e lartë me gjethe. Pemët prodhojnë oksigjen për frymëmarrje. U japin strehë kafshëve.
water_explanation	Ujë. Lëng i nevojshëm për jetë. Trupi yt ka nevojë për ujë për hidratim dhe përqendrim. Pini ujë rregullisht, sidomos kur mësoni ose bëni sport.
fire_explanation	Zjarr. Flakë që jep nxehtësi dhe dritë. Kurrë mos luani me zjarr. Në rast zjarri, dilni menjëherë dhe telefononi 112 për urgjencë.
wind_explanation	Erë. Lëvizje e ajrit që e ndjejmë në lëkurë. Era është ajri në lëvizje. Mund të jetë e lehtë ose stuhi e fortë.
car_explanation	Makinë. Një automjet që shkon vrum. Makina lëviz me motor. Kaloni rrugën gjithmonë në vendkalim.
bicycle_explanation	Bicikletë. Mjet me dy rrota që e lëvizni me pedale. Të pedalosh është shëndetshëm dhe miqësor me mjedisin. Gjithmonë vishni kaskë dhe respektoni rregullat e qarkullimit.
book_explanation	Libër. Faqe me tekste dhe figura për të lexuar. Leximi zgjeron dijen dhe imagjinatën. Librat dhe audi librat janë për të gjithë.
phone_explanation	Telefon. Pajisje për biseda dhe mesazhe. Telefoni shërben për komunikim dhe në urgjencë. Telefononi 112 për urgjencë, ose numrat lokalë të policisë dhe zjarrit.
clock_explanation	Orë. Pajisje që tregon kohën. Ora na tregon sa është koha, që të mbërrijmë në kohë.
star_explanation	Yll. Pikë e ndritshme në qiellin e natës. Yjet janë topa të mëdhenj drite larg në hapësirë. Edhe Dielli është yll.
moon_explanation	Hëna. Objekt qiellor që shkëlqen natën. Hëna rrotullohet rreth Tokës dhe e shohim si top të ndritshëm natën.
rocket_explanation	Raketë. Automjet që fluturon në hapësirë. Raketa fluturon shumë shpejt për të çuar njerëz dhe pajisje në hapësirë.
planet_explanation	Planet. Top i madh që rrotullohet rreth një ylli. Toka është planeti ku jetojmë. Ka shumë planete të tjera në hapësirë.
drum_explanation	Daulle. Instrument muzikor që goditet. Daulja goditet me duar ose shkopinj për të bërë ritëm.
guitar_explanation	Kitarë. Instrument muzikor me tela. Kitara ka tela që vibrojnë kur preken, duke bërë muzikë të bukur.
bell_explanation	Zile. Objekt i vogël që bie. Zilja bën një tingull të qartë kur tundet ose goditet.
explanation	Në dispozicion janë libra edukativë me foto për tema të ndryshme, të ndara në disa kategori. Zgjidh një kategori dhe shiko të gjitha faqet, ku do të dëgjosh diçka informative për temën, me mundësinë të dëgjosh edhe çfarë tingulli lëshon. Pasi t'i kalosh të gjitha faqet, vjen një kuiz për të testuar dijen. Suksese!
quiz_intro	Merr me mend tingullin!
quiz_intro_info	Merr me mend për cilin nocion vlen sa vijon!
