horse	a horse neighing, single clear neigh, no music	3
sheep	a sheep bleating baa, single animal, clear, no music	3
pig	a pig oinking and grunting, farm, clear, no music	3
duck	a duck quacking quack quack, clear, no music	2
frog	a frog croaking ribbit, pond, clear, no music	3
rooster	a rooster crowing cock-a-doodle-doo, morning farm, clear, no music	3
thunder	a loud thunder clap and rumble during a storm, no rain music	4
sea	gentle sea waves washing onto a sandy beach, calm, no music	4
door	a wooden door creaking open slowly, then closing with a soft thud	3
key	a bunch of metal keys jingling, then a key turning in a lock with a click	3
scissors	scissors cutting paper, a few snips, close up, clear	2
toothbrush	brushing teeth with a toothbrush, scrubbing sound, close up	3
satellite	a satellite in space sending radio signals, soft electronic beeps, sci-fi	3
ufo	a cartoon UFO flying saucer hovering, wobbly electronic whooshing hum, sci-fi	3
piano	single piano melody, a few gentle notes, solo	4
violin	solo violin playing a short sweet melody, a few bowed notes	4
trumpet	solo trumpet playing a short bright fanfare, a few notes	3
saxophone	solo saxophone playing a short smooth jazz phrase, a few notes	4
accordion	solo accordion playing a short cheerful folk melody, a few notes	4
banjo	solo banjo plucking a short cheerful country melody, a few notes	3
microphone	a happy child singing la la la into a microphone, short, no instruments	3
