cat_explanation	Cat. A furry animal that says meow. A cat has four legs and sees well in the dark. It catches mice.
dog_explanation	Dog. A friendly animal that barks. The dog is people's loyal friend. It has a strong sense of smell.
bird_explanation	Bird. A small animal that flies and sings. A bird flies with wings and sings beautiful songs.
cow_explanation	Cow. A farm animal that gives milk. A cow gives milk and eats grass in the meadow.
rain_explanation	Rain. Water falling from the sky. Rain waters plants. Wear rain clothes when it is cloudy.
sun_explanation	Sun. Bright light in the sky. The sun gives us light and warmth. Do not look directly at the sun.
tree_explanation	Tree. A tall plant with leaves. Trees make oxygen for breathing. They give shelter to animals.
water_explanation	Water. Liquid we need to live. Your body needs water to stay hydrated and focused. Drink water regularly, especially when studying or doing sports.
fire_explanation	Fire. Flames that give heat and light. Never play with fire. In a fire, get out right away and call emergency 112.
wind_explanation	Wind. Moving air we feel on our skin. Wind is moving air. It can be a gentle breeze or a strong storm.
car_explanation	Car. A vehicle that goes vroom. A car moves with an engine. Always cross the street at a crosswalk.
bicycle_explanation	Bicycle. A two-wheeled vehicle you pedal. Cycling is healthy and eco-friendly. Always wear a helmet and follow traffic rules.
book_explanation	Book. Pages with text and pictures to read. Reading builds knowledge and imagination. Books and audiobooks are for everyone.
phone_explanation	Phone. Device for calls and messages. Use the phone to stay in touch and in emergencies. Call 112 for emergency, or your local police and fire numbers.
clock_explanation	Clock. A device that shows the time. A clock tells us what time it is, so we can be on time.
star_explanation	Star. A bright point of light in the night sky. Stars are huge balls of light far away in space. The Sun is a star too.
moon_explanation	Moon. A bright object that shines at night. The Moon orbits the Earth, and we see it as a bright ball at night.
rocket_explanation	Rocket. A vehicle that flies into space. A rocket flies very fast to carry people and equipment into space.
planet_explanation	Planet. A big ball that orbits a star. Earth is a planet we live on. There are many other planets in space.
drum_explanation	Drum. A musical instrument you hit. A drum is hit with hands or sticks to make a rhythm.
guitar_explanation	Guitar. A musical instrument with strings. A guitar has strings that vibrate when plucked, making beautiful music.
bell_explanation	Bell. A small object that rings. A bell makes a clear sound when it's shaken or struck.
explanation	Educational picture books are available for different topics across several categories. Choose a category and go through all the picture books, where you'll hear something informative about the topic, with the option to also hear what sound it makes. Once you've gone through all the picture books, a quiz follows to test what you've learned. Good luck!
quiz_intro	Guess the sound!
quiz_intro_info	Guess which concept the following is about!
