cat_explanation	Мачка. Домашно милениче што вели „мјау“. Мачката има четири нозе и добар вид во темница. Таа лови глувци.
dog_explanation	Куче. Домашно милениче што лае. Кучето е верен пријател на човекот. Има остро сетило за мирис.
bird_explanation	Птица. Мало животно што лета и пее. Птицата лета со крилја и пее убави песни.
cow_explanation	Крава. Домашно животно што дава млеко. Кравата дава млеко и јаде трева на ливада.
rain_explanation	Дожд. Капки вода што паѓаат од небото. Дождот наводнува растенија. Облекувајте се за дожд кога е облачно.
sun_explanation	Сонце. Ѕвезда што ја осветлува Земјата. Сонцето ни дава светлина и топлина. Не гледајте директно во сонце.
tree_explanation	Дрво. Високо растение со стебло и лисја. Дрвата произведуваат кислород за дишење. Ги штитат животните.
water_explanation	Вода. Течност неопходна за живот. Телото ни треба вода за хидратација и концентрација. Пијте вода редовно, особено при учење и спорт.
fire_explanation	Оган. Пламен што дава топлина и светлина. Со оган не се игра. При пожар веднаш излезете и јавите 193 на итна помош.
wind_explanation	Ветар. Движење на воздухот што го чувствуваме на кожата. Ветарот е воздух што се движи. Може да биде тивок бриз или силна бура.
car_explanation	Автомобил. Возило со четири тркала. Автомобилот се движи со мотор. Секогаш преминете улица на пешачки премин.
bicycle_explanation	Велосипед. Возило со две тркала што се движи со педалите. Велосипедирањето е здраво и еколошко. Секогаш носите кацига и почитувајте ги сообраќајните правила.
book_explanation	Книга. Збирка страници со текст и слики за читање. Читањето ги шири знаењата и фантазијата. Книгите и аудио-книгите се пристапни за сите.
phone_explanation	Телефон. Уред за разговор и пораки на далечина. Телефонот служи за комуникација и при итна потреба. Јавете 192 полиција, 193 итна, 194 пожар.
clock_explanation	Часовник. Уред што го покажува времето. Часовникот ни кажува колку е часот, за да стигнеме на време.
star_explanation	Ѕвезда. Светла точка на небото навечер. Ѕвездите се огромни топки од светлина далеку во вселената. Сонцето е исто ѕвезда.
moon_explanation	Месечина. Небесно тело што свети навечер. Месечината кружи околу Земјата и ја гледаме како светла топка навечер.
rocket_explanation	Ракета. Возило што лета во вселената. Ракетата лета многу брзо за да однесе луѓе и уреди во вселената.
planet_explanation	Планета. Голема топка што кружи околу ѕвезда. Земјата е планета на која живееме. Постојат многу други планети во вселената.
drum_explanation	Тапан. Музички инструмент на кој се удира. Тапанот се удира со рацете или стапчиња за да прави ритам.
guitar_explanation	Гитара. Музички инструмент со жици. Гитарата има жици кои вибрираат кога ќе се повлечат, и прави убава музика.
bell_explanation	Ѕвонче. Мал предмет што ѕвони. Ѕвончето прави јасен звук кога ќе се тресе или удри.
explanation	На располагање се образовни сликовници за различни поими од повеќе категории. Изберете категорија и изгледајте ги сите сликовници каде ќе слушнете нешто информативно за поимот, при што имате опција да чуете и каков звук испушта. Откако ќе ги поминете сите сликовници, следува квиз за проверка. Со среќа!
quiz_intro	Погоди го звукот!
quiz_intro_info	Погоди за кој поим важи следново!
