cat_desc	Kafshë shtëpiake që kap minj.
cat_name	Mace
dog_desc	Kafshë shtëpiake që është miku besnik i njeriut dhe ka nuhatje të mprehtë.
dog_name	Qen
bird_desc	Kafshë e vogël që fluturon dhe këndon.
bird_name	Zog
cow_desc	Kafshë shtëpiake që jep qumësht.
cow_name	Lopë
rain_desc	Pika uji që bien nga qielli.
rain_name	Shi
sun_desc	Jep dritë dhe ngrohtësi.
sun_name	Diell
tree_desc	Prodhon oksigjen.
tree_name	Pemë
water_desc	Na nevojitet për hidratim dhe përqendrim.
water_name	Ujë
fire_desc	Mund të djegë shtëpi dhe pyje.
fire_name	Zjarr
wind_desc	Ajër që lëviz dhe mund të jetë fllad i lehtë ose stuhi e fortë.
wind_name	Erë
car_desc	Ka katër rrota dhe duhet të ndalojë te vendkalimi i këmbësorëve.
car_name	Makinë
bicycle_desc	Përdorimi i saj është i shëndetshëm dhe ekologjik. Ka dy rrota dhe lëviz me pedale.
bicycle_name	Bicikletë
book_desc	E zgjeron diturinë.
book_name	Libër
phone_desc	Shërben për komunikim.
phone_name	Telefon
clock_desc	Tregon kohën.
clock_name	Orë
star_desc	Topa të mëdhenj drite, shumë larg në hapësirë.
star_name	Yll
moon_desc	E shohim si një top të ndritshëm natën.
moon_name	Hëna
rocket_desc	Automjet që fluturon në hapësirë.
rocket_name	Raketë
planet_desc	Top i madh që rrotullohet rreth një ylli.
planet_name	Planet
drum_desc	Goditet me duar ose me shkopinj për të bërë ritëm.
drum_name	Daulle
guitar_desc	Instrument muzikor me tela.
guitar_name	Kitarë
bell_desc	Objekt i vogël që bie kur tundet ose goditet.
bell_name	Zile
cat_extra	Mbani mend: Kur dëgjoni mjau jashtë, mund të jetë mace. Mos prekni kafshë të panjohura pa leje.
water_extra	Mbani mend: Uji nga rubineti është i shëndetshëm. Nëse ndjeni etje, trupi ju kujton: pini ujë.
fire_extra	Mbani mend: Nëse rrobat juaj merren flakë, ndaloni, shtrihuni dhe rrotullohuni. Thirrni për ndihmë.
phone_extra	Mbani mend: 112 urgjencë. Telefononi vetëm kur ka rrezik të vërtetë. Thuani emrin dhe ku jeni.
quiz_done	Të lumtë! E përfundove kuizin!
