cat_desc	Домашно милениче што лови глувци.
cat_name	Мачка
dog_desc	Домашно милениче што е верен пријател на човекот и има остро сетило за мирис.
dog_name	Куче
bird_desc	Мало животно што лета и пее.
bird_name	Птица
cow_desc	Домашно животно што дава млеко.
cow_name	Крава
rain_desc	Капки вода што паѓаат од небото.
rain_name	Дожд
sun_desc	Дава светлина и топлина.
sun_name	Сонце
tree_desc	Произведува кислород.
tree_name	Дрво
water_desc	Потребна е за хидратација и концентрација.
water_name	Вода
fire_desc	Предизвикува пожар.
fire_name	Оган
wind_desc	Воздух што се движи и може да биде тивок бриз или силна бура.
wind_name	Ветар
car_desc	Има четири тркала и треба да застанува на пешачки премин.
car_name	Автомобил
bicycle_desc	Неговата употреба е здрава и еколошка. Има две тркала и се движи со педали.
bicycle_name	Велосипед
book_desc	Го шири знаењето.
book_name	Книга
phone_desc	Служи за комуникација.
phone_name	Телефон
clock_desc	Го покажува времето.
clock_name	Часовник
star_desc	Огромни топки од светлина далеку во вселената.
star_name	Ѕвезда
moon_desc	Ја гледаме како светла топка навечер.
moon_name	Месечина
rocket_desc	Возило што лета во вселената.
rocket_name	Ракета
planet_desc	Голема топка што кружи околу ѕвезда.
planet_name	Планета
drum_desc	Се удира со раце или стапчиња за ритам.
drum_name	Тапан
guitar_desc	Музички инструмент со жици.
guitar_name	Гитара
bell_desc	Мал предмет што ѕвони кога се тресе или удира.
bell_name	Ѕвонче
cat_extra	Запамтете: Кога ќе чуете „мјау“ на улица, може да е мачка. Не допирајте непознати животни без дозвола.
water_extra	Запамтете: Пијачка вода од чешма е најздрава. Ако сте жедни, телото ве потсетува: пијте вода.
fire_extra	Запамтете: Ако вашата облека се запали, трлајте се по подот. Викајте за помош.
phone_extra	Запамтете: Запомнете ги броевите: 192 полиција, 193 здравствена итна, 194 пожарникари. Повикете само при вистинска итна потреба.
quiz_done	Браво! Го заврши квизот!
