horse_explanation	Коњ. Големо и брзо животно што рже. Коњот има силни нозе и тврди копита. Сака да јаде сено, овес и јаболка.
horse_desc	Големо и брзо животно што рже.
horse_name	Коњ
sheep_explanation	Овца. Домашно животно со мека волна што блее. Од волната на овцата се прават топли џемпери и чорапи. Овците живеат заедно во стадо.
sheep_desc	Домашно животно со мека волна што блее.
sheep_name	Овца
pig_explanation	Свиња. Розово домашно животно со зурла што вели „грок-грок“. Свињата со зурлата копа во земјата и бара храна. Кога е жешко, се валја во кал за да се олади.
pig_desc	Розово домашно животно со зурла што вели „грок-грок“.
pig_name	Свиња
duck_explanation	Патка. Птица што плива и вели „квак-квак“. Патката има ципи меѓу прстите, па убаво плива. Нејзините пердуви не се мократ во водата.
duck_desc	Птица што плива и вели „квак-квак“.
duck_name	Патка
frog_explanation	Жаба. Мало зелено животно што скока и крека. Жабата живее и во вода и на копно. Таа лови муви со својот долг и леплив јазик.
frog_desc	Мало зелено животно што скока и крека.
frog_name	Жаба
rooster_explanation	Петел. Домашна птица што наутро пее „кукуригу“. Петелот пее рано наутро и ги буди луѓето. Живее во кокошарник заедно со кокошките.
rooster_desc	Домашна птица што наутро пее „кукуригу“.
rooster_name	Петел
thunder_explanation	Гром. Силен тресок на небото за време на бура. Прво ја гледаме молњата, а потоа го слушаме громот, бидејќи светлината патува побрзо од звукот.
thunder_desc	Силен тресок на небото за време на бура.
thunder_name	Гром
snow_explanation	Снег. Бели и меки ледени кристалчиња што паѓаат од небото во зима. Снегот е замрзната вода. Секоја снегулка има шест краци и е различна од другите.
snow_desc	Бели и меки ледени кристалчиња што паѓаат од небото во зима.
snow_name	Снег
flower_explanation	Цвет. Шарен дел од растението што убаво мириса. Пчелите летаат од цвет на цвет и собираат нектар за мед. Од цветовите потоа растат плодови.
flower_desc	Шарен дел од растението што убаво мириса.
flower_name	Цвет
sea_explanation	Море. Голема солена вода со бранови што шумат. Во морето живеат риби, ракови и делфини. Морињата и океаните покриваат поголем дел од Земјата.
sea_desc	Голема солена вода со бранови што шумат.
sea_name	Море
sea_extra	Запамтете: Пливајте само со возрасен и само таму каде што има спасувач.
door_explanation	Врата. Ја отвораме и затвораме кога влегуваме во куќа или соба. Вратата може да чкрипи кога се отвора. Пред да влезете во туѓа соба, прво чукнете.
door_desc	Ја отвораме и затвораме кога влегуваме во куќа или соба.
door_name	Врата
door_extra	Запамтете: Не отворајте врата на непознати луѓе. Прво повикајте возрасен.
key_explanation	Клуч. Мал метален предмет што се става во брава за да се отвори вратата. Секој клуч има посебни запци и отвора само своја брава.
key_desc	Мал метален предмет што се става во брава за да се отвори вратата.
key_name	Клуч
key_extra	Запамтете: Чувајте го клучот од дома на сигурно место и не им го покажувајте на непознати.
scissors_explanation	Ножици. Предмет со две остри сечила за сечење хартија. Ножиците сечат кога двете сечила се лизгаат едно покрај друго. Постојат и детски ножици со заоблени врвови.
scissors_desc	Предмет со две остри сечила за сечење хартија.
scissors_name	Ножици
scissors_extra	Запамтете: Носете ги ножиците со врвовите надолу и користете ги само со возрасен.
toothbrush_explanation	Четка за заби. Со неа и со паста ја чистиме устата наутро и навечер. Мијте ги забите двапати на ден, наутро и навечер, по две минути. Така забите остануваат здрави.
toothbrush_desc	Со неа и со паста ја чистиме устата наутро и навечер.
toothbrush_name	Четка за заби
glass_explanation	Чаша. Сад од кој пиеме вода или млеко. Чашата може да биде од стакло или пластика. Стаклената чаша држете ја внимателно за да не се скрши.
glass_desc	Сад од кој пиеме вода или млеко.
glass_name	Чаша
earth_explanation	Земја. Сината планета на која живееме. Земјата се врти околу Сонцето и за една година го обиколува. Таа е единствената позната планета со живот.
earth_desc	Сината планета на која живееме.
earth_name	Земја
astronaut_explanation	Астронаут. Човек што лета во вселената во посебно одело. Астронаутот носи скафандер со воздух за дишење. Во вселената лебди како перце.
astronaut_desc	Човек што лета во вселената во посебно одело.
astronaut_name	Астронаут
comet_explanation	Комета. Ледено небесно тело со долга светла опашка. Кометата е направена од мраз, прашина и камен. Кога ќе се приближи до Сонцето, добива светла опашка.
comet_desc	Ледено небесно тело со долга светла опашка.
comet_name	Комета
satellite_explanation	Сателит. Уред што кружи околу Земјата и испраќа сигнали. Сателитите ни помагаат да гледаме телевизија, да ја дознаеме временската прогноза и да го најдеме патот.
satellite_desc	Уред што кружи околу Земјата и испраќа сигнали.
satellite_name	Сателит
ufo_explanation	НЛО. Летечка чинија од приказните за вонземјани. Оваа кратенка значи неидентификуван летечки објект. Во приказните и цртаните, со него патуваат вонземјани.
ufo_desc	Летечка чинија од приказните за вонземјани.
ufo_name	НЛО
telescope_explanation	Телескоп. Уред со кој гледаме далечни ѕвезди и планети. Телескопот ги прави далечните работи да изгледаат блиску. Со него научниците ја истражуваат вселената.
telescope_desc	Уред со кој гледаме далечни ѕвезди и планети.
telescope_name	Телескоп
piano_explanation	Пијано. Голем музички инструмент со бели и црни дирки. Кога ќе притиснете дирка, мало чеканче удира во жица и создава тон. Пијаното има 88 дирки.
piano_desc	Голем музички инструмент со бели и црни дирки.
piano_name	Пијано
violin_explanation	Виолина. Мал дрвен инструмент со жици на кој се свири со гудало. Виолината се држи под брадата. Кога гудалото се лизга по жиците, таа пее нежно.
violin_desc	Мал дрвен инструмент со жици на кој се свири со гудало.
violin_name	Виолина
trumpet_explanation	Труба. Сјаен метален инструмент во кој се дува гласно. Свирачот дува и ги трепери усните, а со три копчиња ги менува тоновите.
trumpet_desc	Сјаен метален инструмент во кој се дува гласно.
trumpet_name	Труба
saxophone_explanation	Саксофон. Свиен златен инструмент во кој се дува, омилен во џез музиката. Саксофонот го измислил Адолф Сакс. Направен е од метал, а звукот го создава мало парче трска.
saxophone_desc	Свиен златен инструмент во кој се дува, омилен во џез музиката.
saxophone_name	Саксофон
accordion_explanation	Хармоника. Инструмент со дирки и мев што се собира и растегнува. Хармониката свири кога мевот вовлекува и испушта воздух. Често се свири на свадби и народни веселби.
accordion_desc	Инструмент со дирки и мев што се собира и растегнува.
accordion_name	Хармоника
banjo_explanation	Бенџо. Инструмент со жици и тркалезно тело како тапанче. Бенџото има ѕвонлив и весел звук. Најчесто се свири во американската кантри музика.
banjo_desc	Инструмент со жици и тркалезно тело како тапанче.
banjo_name	Бенџо
microphone_explanation	Микрофон. Уред во кој пееме или зборуваме за да се слушнеме погласно. Микрофонот го фаќа нашиот глас и го праќа до звучниците. Пејачите го користат на концерти.
microphone_desc	Уред во кој пееме или зборуваме за да се слушнеме погласно.
microphone_name	Микрофон
